School,Latitude,Longitude
A.N. Pritzker School,41.9068861,-87.6780938
Abraham Lincoln Elementary School,,
Academy for Global Citizenship Charter School,41.8133129,-87.7476851
Acero Charter Schools - Bartolomé de las Casas,,
Acero Charter Schools - Brighton Park,41.8133076,-87.6934733
Acero Charter Schools - Carlos Fuentes,,
Acero Charter Schools - Esmeralda Santiago,,
Acero Charter Schools - Jovita Idar,,
Acero Charter Schools - Major Hector P. Garcia MD,41.8085403,-87.7307842
Acero Charter Schools - Octavio Paz Campus,,
Acero Charter Schools - Officer Donald J. Marquez,,
Acero Charter Schools - PFC Omar E. Torres,41.8086091,-87.730777
Acero Charter Schools - Roberto Clemente,,
Acero Charter Schools - Rufino Tamayo,,
Acero Charter Schools - Sandra Cisneros,,
Acero Charter Schools - Sor Juana Inés de la Cruz,,
Acero Charter Schools - SPC Daniel Zizumbo,41.8094698,-87.7307945
Acero Charter Schools - Victoria Soto,,
Adam Clayton Powell Paideia Community Academy ES,,
Adlai E Stevenson Elementary School,42.4927009,-83.2628551
Agustin Lara Elementary Academy,,
Air Force Academy High School,41.827898,-87.632968
Al Raby High School,41.8861417,-87.7153641
Alain Locke Charter School,41.8771349,-87.7051076
Albany Park Multicultural Academy,41.9710983,-87.7094963
Albert G Lane Technical High School,41.945166,-87.6906541
Albert R Sabin Elementary Magnet School,45.5521913,-122.6478363
Alessandro Volta Elementary School,41.9714379,-87.7250554
Alex Haley Elementary Academy,41.6863606,-87.6333718
Alexander Graham Bell Elementary School,41.9495261,-87.6862446
Alexander Graham Elementary School,41.8130967,-87.6438535
Alexander Hamilton Elementary School,31.1264156,-83.9529387
Alfred Nobel Elementary School,41.9057726,-87.7297953
Alice L Barnard Computer Math & Science Ctr ES,,
Ambrose Plamondon Elementary School,41.8604424,-87.6926254
Amelia Earhart Options for Knowledge ES,,
Amos Alonzo Stagg Elementary School,41.7591616,-87.6492836
Andrew Carnegie Elementary School,41.7836708,-87.5911031
Anna R. Langford Community Academy,41.7847917,-87.6573968
Ariel Elementary Community Academy,,
Arnold Mireles Elementary Academy,,
Art in Motion Charter School,,
Arthur A Libby Elementary School,48.3843092,-115.570979
Arthur Dixon Elementary School,41.74333,-87.6105986
Arthur E Canty Elementary School,41.9478642,-87.8297303
Arthur R Ashe Elementary School,,
Asa Philip Randolph Elementary School,,
Ashburn Community Elementary School,41.7418771,-87.70981
Asian Human Services - Passages Charter School,41.9902166,-87.692439
ASPIRA Business and Finance,41.935827,-87.7180455
ASPIRA Charter School - Early College High School,,
ASPIRA Charter School - Haugan Middle School,41.9663039,-87.7218024
Augustus H Burley Elementary School,41.9380944,-87.6698221
Austin College and Career Academy High School,41.8853945,-87.7629756
Avalon Park Elementary School,41.7485226,-87.5912872
Avondale-Logandale Elementary School,41.9343149,-87.7080903
Back of the Yards IB HS,41.8066775,-87.6679765
Belmont-Cragin Elementary School,41.9240043,-87.7789795
Benito Juarez Community Academy High School,41.8527939,-87.6643651
Benjamin E Mays Elementary Academy,41.7729973,-87.6373504
Bernhard Moos Elementary School,41.9130714,-87.696335
Beulah Shoesmith Elementary School,41.8049276,-87.5941802
Bowen High School,41.7341011,-87.5575717
Bret Harte Elementary School,,
Brian Piccolo Elementary Specialty School,41.9002223,-87.7318077
Brighton Park Elementary School,41.8238257,-87.6920458
Bronzeville Scholastic Academy High School,41.8166444,-87.6167744
Burnham Elementary Inclusive Academy,,
Burnside Elementary Scholastic Academy,,
Calmeca Academy of Fine Arts and Dual Language,,
Carl Schurz High School,41.9474441,-87.7352682
Carl von Linne Elementary School,,
Carrie Jacobs Bond Elementary School,41.7657551,-87.6532524
Carroll-Rosenwald Specialty Elementary School,,
Carter G Woodson South Elementary School,,
Catalyst - Maria Charter School,,
Catalyst Elementary Charter School - Circle Rock,,
Cesar E Chavez Multicultural Academic Center ES,,
Charles Allen Prosser Career Academy High School,,
Charles Evans Hughes Elementary School,,
Charles G Hammond Elementary School,41.8525332,-87.6958882
Charles Gates Dawes Elementary School,,
Charles H Wacker Elementary School,41.7161812,-87.6485943
Charles Kozminski Elementary Community Academy,,
Charles N Holden Elementary School,,
Charles P Caldwell Academy of Math & Science ES,,
Charles P Steinmetz College Preparatory HS,,
Charles R Darwin Elementary School,,
Charles R Henderson Elementary School,41.7910131,-87.6722308
Charles S Brownell Elementary School,,
Charles S Deneen Elementary School,,
Charles Sumner Math & Science Community Acad ES,,
Charles W Earle Elementary School,,
Chicago Academy Elementary School,41.9429136,-87.7770251
Chicago Academy High School,41.9429669,-87.7769852
Chicago Collegiate Charter School,41.8781136,-87.6297982
Chicago Excel Academy HS,41.8781136,-87.6297982
Chicago High School for Agricultural Sciences,41.690225,-87.7176465
Chicago High School for the Arts (ChiArts),41.8994827,-87.6950336
Chicago Math and Science Academy Charter School,42.0134326,-87.6751504
Chicago Military Academy High School,41.8303817,-87.6191728
Chicago Technology Academy High School,41.863195,-87.659268
Chicago Vocational Career Academy High School,41.7377229,-87.5729254
Chicago World Language Academy,41.8747919,-87.6612967
Christian Ebinger Elementary School,42.0046648,-87.810844
Christian Fenger Academy High School,41.6897069,-87.63784
Christopher Columbus Elementary School,,
Christopher House Charter School,,
CICS - Avalon/South Shore,41.7429188,-87.5876961
CICS - Basil,41.7941213,-87.6702102
CICS - Bucktown,41.9225216,-87.6813243
CICS - Irving Park,41.950646,-87.7107205
CICS - Lloyd Bond,41.6532109,-87.6055395
CICS - Longwood,41.7203213,-87.6557986
CICS - Northtown,41.9909661,-87.7275189
CICS - Prairie,41.6844708,-87.6171892
CICS - Ralph Ellison,41.7481405,-87.6689966
CICS - Washington Park,41.7842096,-87.6211832
CICS - West Belden,41.921641,-87.776554
CICS - Wrightwood,41.7451135,-87.6928694
Clara Barton Elementary School,,
Claremont Academy Elementary School,41.7777801,-87.6813355
Collins Academy High School,41.8640759,-87.7011184
Columbia Explorers Elementary Academy,,
Consuella B York Alternative HS,,
Countee Cullen Elementary School,,
Crown Community Academy of Fine Arts Center ES,,
Cyrus H McCormick Elementary School,,
Daniel Boone Elementary School,,
Daniel C Beard Elementary School,41.9699056,-87.7903059
Daniel Hale Williams Prep School of Medicine,,
Daniel J Corkery Elementary School,41.8456092,-87.7322715
Daniel R Cameron Elementary School,,
Daniel S Wentworth Elementary School,,
Daniel Webster Elementary School,,
David G Farragut Career Academy High School,41.8493963,-87.7084021
DeVry University Advantage Academy HS,41.9689156,-87.6765729
Dewey Elementary Academy of Fine Arts,41.7959743,-87.6423053
DeWitt Clinton Elementary School,,
Disney II Magnet High School,41.9521904,-87.7206118
Disney II Magnet School,41.9521904,-87.7206118
Donald Morrill Math & Science Elementary School,,
Douglas Taylor Elementary School,41.7154019,-87.5331979
Dr Martin Luther King Jr College Prep HS,,
Dr Jorge Prieto Math and Science,,
Dr. Martin L. King Jr Academy of Social Justice,,
Dunne Technology Academy,41.6962804,-87.6396904
Durkin Park Elementary School,41.7389643,-87.7294638
Dvorak Technology Academy,,
Edgebrook Elementary School,42.3372226,-88.2682452
Edison Park Elementary School,41.9938986,-87.8141516
Edmond Burke Elementary School,,
Edward A Bouchet Math & Science Academy ES,44.9132175,-92.9346344
Edward Beasley Elementary Magnet Academic Center,,
Edward Coles Elementary Language Academy,,
Edward E. Sadlowski Elementary School,41.7047607,-87.5280524
Edward Everett Elementary School,42.3136558,-71.059805
Edward K Ellington Elementary School,,
Edward N Hurley Elementary School,,
Edward Tilden Career Community Academy HS,,
Edward White Elementary Career Academy,,
Edwin G. Foreman College and Career Academy,41.93967,-87.7539406
Eli Whitney Elementary School,,
Eliza Chappell Elementary School,,
Elizabeth H Sutherland Elementary School,,
Ella Flagg Young Elementary School,41.9066503,-87.7676961
Ellen H Richards Career Academy High School,,
Ellen Mitchell Elementary School,,
Emil G Hirsch Metropolitan High School,41.753991,-87.601927
Emiliano Zapata Elementary Academy,,
Emmett Louis Till Math and Science Academy,41.7753584,-87.6090816
Englewood STEM High School,41.7699904,-87.6343735
Enrico Tonti Elementary School,,
EPIC Academy Charter High School,40.1712428,-74.0278285
Eric Solorio Academy High School,41.7949284,-87.7114938
Erie Elementary Charter School,41.906863,-87.6943513
Ernst Prussing Elementary School,,
Esmond Elementary School,41.6893002,-87.6693387
Eugene Field Elementary School,,
Everett McKinley Dirksen Elementary School,41.9731464,-87.841476
Evergreen Academy Middle School,41.8289489,-87.6675912
Excel Academy of Englewood,41.7636438,-87.6489991
Excel Academy of South Shore,41.7595658,-87.5566887
Excel Academy Southwest,41.7649258,-87.6909276
Fairfield Elementary Academy,41.7806662,-87.691624
Federico Garcia Lorca Elementary School,41.9400303,-87.7242929
Ferdinand Peck Elementary School,,
Fernwood Elementary School,41.7110985,-87.6401271
Florence Nightingale Elementary School,41.798873,-87.6898929
Fort Dearborn Elementary School,41.7298949,-87.6550925
Foster Park Elementary School,,
Francis M McKay Elementary School,,
Francis W Parker Elementary Community Academy,,
Francisco I Madero Middle School,,
Frank I Bennett Elementary School,,
Frank L Gillespie Elementary School,,
Frank W Gunsaulus Elementary Scholastic Academy,,
Frank W Reilly Elementary School,,
Franklin Elementary Fine Arts Center,,
Franz Peter Schubert Elementary School,,
Frazier Prospective IB Magnet ES,,
Frederic Chopin Elementary School,41.8967965,-87.6885788
Frederick A Douglass Academy High School,,
Frederick Funston Elementary School,,
Frederick Stock Elementary School,,
Friedrich L. Jahn Elementary of the Fine Arts,,
Friedrich W von Steuben Metropolitan Science HS,,
Gage Park High School,41.7909828,-87.6895972
Galileo Math & Science Scholastic Academy ES,,
Genevieve Melody Elementary School,41.8784481,-87.7241844
George Armstrong International Studies ES,,
George B McClellan Elementary School,,
George B Swift Elementary Specialty School,,
George F Cassell Elementary School,,
George H Corliss High School,,
George Leland Elementary School,41.8735501,-87.749805
George M Pullman Elementary School,,
George Manierre Elementary School,,
George Rogers Clark Elementary School,41.867936,-87.7702113
George W Curtis Elementary School,,
George W Tilton Elementary School,,
George Washington Carver Military Academy HS,,
George Washington Carver Primary School,,
George Washington Elementary School,,
George Washington High School,,
George Westinghouse College Prep,41.8894272,-87.7073059
Gerald Delgado Kanoon Elementary Magnet School,,
Great Lakes Academy Charter School,41.8613863,-87.6537705
Greater Lawndale High School For Social Justice,,
Grover Cleveland Elementary School,,
Gurdon S Hubbard High School,,
Gwendolyn Brooks College Preparatory Academy HS,41.6940833,-87.6158523
Hannah G Solomon Elementary School,,
Hanson Park Elementary School,41.9234127,-87.7614971
Harold Washington Elementary School,41.728524,-87.5966497
Harriet Beecher Stowe Elementary School,43.9081739,-69.9719081
Harriet E Sayre Elementary Language Academy,,
Harriet Tubman Elementary School,,
Hawthorne Elementary Scholastic Academy,,
Helen M Hefferan Elementary School,41.8785148,-87.7359243
Helen Peirce International Studies ES,,
Helge A Haugan Elementary School,,
Henry Clay Elementary School,37.7556864,-77.48692
Henry D Lloyd Elementary School,,
Henry H Nash Elementary School,,
Henry O Tanner Elementary School,,
Henry R Clissold Elementary School,,
Hiram H Belding Elementary School,,
Hope Institute Learning Academy,,
Horace Greeley Elementary School,41.9529857,-87.6508832
Horace Mann Elementary School,,
Horizon Science Academy Southwest Chicago Charter,41.7954406,-87.6822357
Hyde Park Academy High School,41.7821873,-87.5872712
Hyman G Rickover Naval Academy High School,,
Ida B Wells Preparatory Elementary Academy,41.8243636,-87.6198131
Infinity Math Science and Technology High School,41.8354286,-87.7356529
Instituto - Justice and Leadership,,
Instituto Health Sciences Career Academy,41.845757,-87.6858588
Inter-American Elementary Magnet School,41.9485542,-87.6517124
Intrinsic Charter School,,
Ira F Aldridge Elementary School,,
Irene C. Hernandez Middle School for the Advancement of Science,41.7938089,-87.7116427
Irma C Ruiz Elementary School,41.8479002,-87.6812235
Irvin C Mollison Elementary School,,
Isabelle C O'Keeffe Elementary School,41.7687669,-87.5730366
Jackie Robinson Elementary School,41.8171681,-87.5983704
Jacob Beidler Elementary School,,
Jacqueline B Vaughn Occupational High School,,
James B Farnsworth Elementary School,41.9797454,-87.7662909
James B McPherson Elementary School,,
James E McDade Elementary Classical School,41.7343416,-87.6186754
James G Blaine Elementary School,41.9509619,-87.664931
James Hedges Elementary School,,
James Madison Elementary School,,
James Monroe Elementary School,,
James N Thorp Elementary School,41.7329134,-87.5449202
James Otis Elementary School,41.8916477,-87.665066
James R Doolittle Jr Elementary School,,
James Russell Lowell Elementary School,41.9066526,-87.7105648
James Shields Elementary School,,
James Shields Middle School,41.8062819,-87.6899836
James Wadsworth Elementary School,,
James Ward Elementary School,41.8435021,-87.6351205
James Weldon Johnson Elementary School,,
Jane A Neil Elementary School,41.7386314,-87.6205909
Jane Addams Elementary School,,
Jean Baptiste Beaubien Elementary School,41.971969,-87.75704
Jensen Elementary Scholastic Academy,,
Jesse Owens Elementary Community Academy,41.6673944,-87.6228299
Jesse Sherwood Elementary School,,
Johann W von Goethe Elementary School,41.9227455,-87.6931892
John A Walsh Elementary School,41.8546587,-87.6479006
John B Drake Elementary School,41.8437356,-87.6287219
John B Murphy Elementary School,41.9497364,-87.7170874
John Barry Elementary School,,
John C Burroughs Elementary School,,
John C Coonley Elementary School,41.9554822,-87.6839294
John C Dore Elementary School,41.7743673,-87.7998245
John Charles Haines Elementary School,41.849803,-87.6338021
John D Shoop Math-Science Technical Academy ES,,
John F Eberhart Elementary School,,
John F Kennedy High School,,
John Fiske Elementary School,41.7851042,-87.6092099
John Foster Dulles Elementary School,,
John Greenleaf Whittier Elementary School,42.9647506,-87.91379
John H Hamline Elementary School,,
John H Kinzie Elementary School,41.7902633,-87.7790099
John H Vanderpoel Elementary Magnet School,,
John Hancock College Preparatory High School,41.7752067,-87.7579052
John Harvard Elementary School of Excellence,,
John Hay Elementary Community Academy,,
John J Audubon Elementary School,,
John J Pershing Elementary Humanities Magnet,,
John L Marsh Elementary School,41.7164106,-87.5531052
John M Harlan Community Academy High School,,
John M Smyth Elementary School,41.8652534,-87.6534881
John Marshall Metropolitan High School,41.8790699,-87.706562
John Milton Gregory Elementary School,,
John Palmer Elementary School,41.9729604,-87.7386366
John Spry Elementary Community School,41.8476225,-87.6998049
John T McCutcheon Elementary School,41.9709724,-87.6545816
John T Pirie Fine Arts & Academic Center ES,,
John W Cook Elementary School,,
John W Garvy Elementary School,41.9762615,-87.7959299
John Whistler Elementary School,41.6840603,-87.6548448
Johnnie Colemon Elementary Academy,,
Jonathan Burr Elementary School,41.912127,-87.6686796
Jonathan Y Scammon Elementary School,41.9414978,-87.7325515
Jordan Elementary Community School,,
Jose De Diego Elementary Community Academy,41.9052614,-87.685685
Josefa Ortiz De Dominguez Elementary School,,
Joseph Brennemann Elementary School,,
Joseph E Gary Elementary School,,
Joseph Jungman Elementary School,41.8585624,-87.6525236
Joseph Kellman Corporate Community ES,,
Joseph Lovett Elementary School,41.9124905,-87.7842298
Joseph Warren Elementary School,41.7268473,-87.5752426
Josephine C Locke Elementary School,41.9317153,-87.7959548
Joshua D Kershaw Elementary School,,
Josiah Pickard Elementary School,,
Joyce Kilmer Elementary School,,
Julia Ward Howe Elementary School of Excellence,,
Kate S Kellogg Elementary School,,
Kelvyn Park High School,41.9272439,-87.7359639
Kenwood Academy High School,41.8033307,-87.5894153
KIPP Academy Chicago Campus,41.8916497,-87.746787
KIPP Ascend Charter School,,
KIPP Chicago Charter School - KIPP Bloom,41.8781136,-87.6297982
KIPP One Academy,41.8946241,-87.7265112
L.E.A.R.N. - Charles and Dorothy Campbell Campus,,
L.E.A.R.N. - Excel Campus,,
L.E.A.R.N. - Hunter Perkins Campus,,
L.E.A.R.N. - Middle School Campus,,
L.E.A.R.N. - Romano Butler Campus,41.867149,-87.710905
L.E.A.R.N. - South Chicago Campus,41.8781136,-87.6297982
L.E.A.R.N. Charter School - 7th Campus,,
Lake View High School,,
Langston Hughes Elementary School,,
LaSalle Elementary Language Academy,,
LaSalle II Magnet Elementary School,41.9028261,-87.6738377
Laughlin Falconer Elementary School,41.9356379,-87.7500652
Laura S Ward Elementary School,41.8931067,-87.7188751
Lawndale Elementary Community Academy,,
Lazaro Cardenas Elementary School,41.8483619,-87.7157993
Legacy Charter School,41.8572735,-87.7084518
Legal Prep Charter Academy,,
Leif Ericson Elementary Scholastic Academy,41.8758977,-87.7162566
Lenart Elementary Regional Gifted Center,41.7466018,-87.6276673
Leslie Lewis Elementary School,41.9067369,-87.7536335
Lillian R. Nicholson STEM Academy,,
Lincoln Park High School,41.9184082,-87.6458448
Lionel Hampton Fine & Performing Arts ES,,
Little Black Pearl Art and Design Academy,41.8097421,-87.5994965
Little Village Elementary School,41.8430121,-87.7175039
Lorenz Brentano Math & Science Academy ES,,
Louis Nettelhorst Elementary School,,
Louis Pasteur Elementary School,41.535444,-81.608825
Louisa May Alcott College Preparatory ES,,
Louisa May Alcott College Preparatory HS,,
Ludwig Van Beethoven Elementary School,41.8082729,-87.6271793
Luke O'Toole Elementary School,41.7741847,-87.6753338
Luther Burbank Elementary School,,
Lyman A Budlong Elementary School,,
Mahalia Jackson Elementary School,41.7338447,-87.6469785
Mancel Talcott Elementary School,,
Manley Career Academy High School,41.8708755,-87.6998468
Manuel Perez Elementary School,41.8556781,-87.6579588
Marcus Moziah Garvey Elementary School,,
Maria Saucedo Elementary Scholastic Academy,,
Mariano Azuela Elementary School,41.7707596,-87.739418
Marie Sklodowska Curie Metropolitan High School,41.8022427,-87.72167
Marine Leadership Academy at Ames,41.9162887,-87.722443
Mark Sheridan Math & Science Academy,41.8442459,-87.6412481
Mark Skinner Elementary School,,
Mark Twain Elementary School,,
Marquette Elementary School,41.7753819,-87.6978342
Martha Ruggles Elementary School,41.7521921,-87.6175625
Marvin Camras Elementary School,,
Mary E Courtenay Elementary Language Arts Center,,
Mary E McDowell Elementary School,,
Mary Gage Peterson Elementary School,,
Mary Lyon Elementary School,,
Matthew Gallistel Elementary Language Academy,,
Medgar Evers Elementary School,41.715645,-87.6390573
Melville W Fuller Elementary School,,
Michael Faraday Elementary School,,
Michael M Byrne Elementary School,41.7948793,-87.7913839
Michele Clark Academic Prep Magnet High School,41.8727068,-87.7525085
Mildred I Lavizzo Elementary School,,
Milton Brunson Math & Science Specialty ES,,
Minnie Mars Jamieson Elementary School,,
Morgan Park High School,41.6922322,-87.6653314
Morton School of Excellence,41.8893772,-87.7049343
Mount Greenwood Elementary School,41.6959906,-87.7053776
Mount Vernon Elementary School,,
Multicultural Arts High School,,
Myra Bradwell Communications Arts & Sciences ES,,
Namaste Charter School,41.8257278,-87.6677091
Nancy B Jefferson Alternative HS,,
Nathan Hale Elementary School,,
Nathan S Davis Elementary School,41.8222196,-87.7002482
Nathanael Greene Elementary School,35.9459637,-79.6067573
National Teachers Elementary Academy,,
Neal F Simeon Career Academy High School,,
New Field Elementary School,42.0076293,-87.6724472
Newton Bateman Elementary School,41.9581283,-87.7026013
Nicholas Senn High School,41.9890128,-87.6667743
Ninos Heroes Elementary Academic Center,41.7441729,-87.553054
Noble - Baker College Prep,,
Noble - Butler College Prep,41.7060894,-87.6028575
Noble - Chicago Bulls College Prep,41.8791324,-87.6784361
Noble - DRW College Prep,41.8691815,-87.7104397
Noble - Gary Comer College Prep,41.7652098,-87.6040574
Noble - Golder College Prep,41.8954949,-87.6644366
Noble - Hansberry College Prep,41.7343941,-87.6510999
Noble - ITW David Speer Academy,41.9174184,-87.759616
Noble - John and Eunice Johnson College Prep,,
Noble - Muchin College Prep,41.8823418,-87.6273168
Noble - Noble College Prep,,
Noble - Pritzker College Prep,41.9149225,-87.7297441
Noble - Rauner College Prep,41.8922624,-87.661187
Noble - Rowe-Clark Math and Science Academy,41.8952478,-87.7182733
Noble - The Noble Academy,,
Noble - UIC College Prep,,
Noble Mansueto High School,41.8076332,-87.6969573
Norman A Bridge Elementary School,,
North Lawndale College Prep - Christiana,41.8584921,-87.7088287
North Lawndale College Prep - Collins,41.8584921,-87.7088287
North River Elementary School,,
North-Grand High School,41.9124219,-87.7349604
Northside College Preparatory High School,41.9813057,-87.7078996
Northside Learning Center High School,41.9834301,-87.7213132
Northwest Middle School,,
Norwood Park Elementary School,41.9892467,-87.8026788
Ogden International High School,41.8937679,-87.658807
Ole A Thorp Elementary Scholastic Academy,41.9488905,-87.7777168
Oliver S Westcott Elementary School,,
Oliver Wendell Holmes Elementary School,41.8950828,-87.7972654
Ombudsman Chicago - Roseland HS,41.6950729,-87.6428096
Ombudsman Chicago - South,41.7829301,-87.6828745
Ombudsman Chicago- Northwest,42.017324,-87.8068388
Ombudsman Chicago- West,41.8665454,-87.7061149
Oriole Park Elementary School,42.8911906,-85.7003799
Orozco Fine Arts & Sciences Elementary School,41.8578369,-87.6750892
Orr Academy High School,41.893927,-87.726435
Orville T Bright Elementary School,,
Oscar DePriest Elementary School,41.8780204,-87.7661176
Oscar Mayer Magnet School,,
Pablo Casals Elementary School,,
Park Manor Elementary School,41.7664822,-87.6114758
Parkside Elementary Community Academy,,
Pathways in Education - Humboldt Park HS,41.9026939,-87.687963
Pathways in Education- Ashburn,41.7364742,-87.7056574
Pathways in Education- Avondale,41.9395257,-87.7053736
Pathways in Education- Brighton Park,41.8082582,-87.70219
Patrick Henry Elementary School,,
Paul Cuffe Math-Science Technology Academy ES,,
Paul Laurence Dunbar Career Academy High School,,
Paul Revere Elementary School,,
Peace & Education Coalition HS,41.800701,-87.6566
Percy L Julian High School,,
Perkins Bass Elementary School,41.774826,-87.6537978
Perspectives - High School of Technology,,
Perspectives - Leadership Academy,,
Perspectives - Math and Science Academy,,
Perspectives - Rodney D. Joslin,,
Peter A Reinberg Elementary School,,
Peter Cooper Elementary Dual Language Academy,,
Philip Rogers Elementary School,,
Phillip D Armour Elementary School,,
Phillip Murray Elementary Language Academy,,
Phoebe Apperson Hearst Elementary School,,
Phoenix Military Academy High School,41.8786771,-87.6882694
Pilsen Elementary Community Academy,,
Plato Learning Academy,41.8725092,-87.7635954
Polaris Charter Academy,41.8923248,-87.7081276
Portage Park Elementary School,41.9571504,-87.7611042
Providence Englewood Charter School,41.7752003,-87.6637159
Pulaski International School of Chicago,41.9188445,-87.683846
Rachel Carson Elementary School,,
Ralph H Metcalfe Elementary Community Academy,,
Ravenswood Elementary School,41.9611254,-87.671464
Ray Graham Training Center High School,41.8496322,-87.6251131
Richard Edwards Elementary School,,
Richard Henry Lee Elementary School,,
Richard J Daley Elementary Academy,41.8024364,-87.6724829
Richard J Oglesby Elementary School,41.7548071,-87.6460264
Richard T Crane Medical Preparatory HS,,
Richard Yates Elementary School,41.9147452,-87.6997978
Roald Amundsen High School,41.9757105,-87.6800944
Robert A Black Magnet Elementary School,41.7290715,-87.5764754
Robert Fulton Elementary School,41.7971405,-87.6686699
Robert Healy Elementary School,41.8393837,-87.6405254
Robert J. Richardson Middle School,,
Robert L Grimes Elementary School,41.7767208,-87.7456431
Robert Lindblom Math & Science Academy HS,41.7820798,-87.6718901
Robert Nathaniel Dett Elementary School,41.8797104,-87.6804568
Roberto Clemente Community Academy High School,41.9026116,-87.6864154
Rodolfo Lozano Bilingual & International Ctr ES,,
Roger C Sullivan High School,42.0028084,-87.6689166
Ronald Brown Elementary Community Academy,,
Ronald E McNair Elementary School,41.8980114,-87.7468807
Roswell B Mason Elementary School,41.8564796,-87.7306452
Rowe Elementary Charter School,,
Ruben Salazar Elementary Bilingual Center,,
Rudyard Kipling Elementary School,41.7237117,-87.6390577
Rufus M Hitch Elementary School,,
Safe Achieve Academy HS,,
Salmon P Chase Elementary School,41.9180705,-87.6945374
Sarah E. Goode STEM Academy,41.7539265,-87.7064547
Sauganash Elementary School,41.9913476,-87.7463396
Scott Joplin Elementary School,,
Sharon Christa McAuliffe Elementary School,,
Sidney Sawyer Elementary School,,
Simpson Academy HS for Young Women,,
Sir Miles Davis Magnet Elementary Academy,,
Skinner North,,
Socorro Sandoval Elementary School,41.7929524,-87.7123286
Sor Juana Ines de la Cruz ES,,
South Loop Elementary School,41.8668162,-87.6287084
South Shore Fine Arts Academy,41.7676351,-87.5905365
South Shore Intl College Prep High School,,
Southside Occupational Academy High School,41.759848,-87.6760143
Spencer Technology Academy,41.8850607,-87.750719
Spry Community Links High School,41.8476535,-87.6998179
STEM Magnet Academy,41.8687447,-87.6648622
Stephen Decatur Classical Elementary School,,
Stephen F Gale Elementary Community Academy,,
Stephen K Hayt Elementary School,,
Stephen T Mather High School,,
Stone Elementary Scholastic Academy,,
Suder Montessori Magnet ES,41.8833478,-87.6776629
Talman Elementary School,41.7943795,-87.6903082
Tarkington School of Excellence ES,,
Telpochcalli Elementary School,41.8490494,-87.6977983
The Montessori School of Englewood Charter,41.7675808,-87.6678672
The Virtual Academy Elementary School,,
The Virtual Academy High School,,
Theodore Herzl Elementary School,41.8616042,-87.7184243
Theodore Roosevelt High School,,
Theophilus Schmid Elementary School,,
Thomas A Hendricks Elementary Community Academy,,
Thomas Chalmers Specialty Elementary School,,
Thomas Drummond Elementary School,,
Thomas Hoyne Elementary School,41.733369,-87.5680818
Thomas J Higgins Elementary Community Academy,,
Thomas J Waters Elementary School,,
Thomas Kelly College Preparatory,,
Turner-Drew Elementary Language Academy,,
University of Chicago - Donoghue,41.7904484,-87.6003953
University of Chicago - North Kenwood/Oakland,41.8113011,-87.59793
University of Chicago - Woodlawn,41.78058,-87.5915351
Uplift Community High School,41.9659998,-87.6522014
Urban Prep Academy for Young Men - Bronzeville,41.8309155,-87.6136044
Urban Prep Academy for Young Men - Englewood,41.775305,-87.6416419
Velma F Thomas Early Childhood Center,,
Virgil Grissom Elementary School,,
Walt Disney Magnet Elementary School,41.9567548,-87.6470045
Walter Henri Dyett High School for the Arts,,
Walter L Newberry Math & Science Academy ES,41.914262,-87.6463085
Walter Payton College Preparatory High School,41.9016989,-87.6350785
Walter Q Gresham Elementary School,,
Walter S Christopher Elementary School,,
Washington D Smyser Elementary School,,
Washington Irving Elementary School,,
Wells Community Academy High School,41.8991215,-87.6682922
Wendell E Green Elementary School,41.7195005,-87.6523728
Wendell Phillips Academy High School,41.8244255,-87.6198195
Wendell Smith Elementary School,41.7080209,-87.6054463
West Park Elementary Academy,41.9068527,-87.7320853
West Ridge Elementary School,,
Whitney M Young Magnet High School,41.8773193,-87.6631127
Wildwood IB World Magnet School,,
Willa Cather Elementary School,41.8832478,-87.6993249
William B Ogden Elementary School,,
William Bishop Owen Scholastic Academy ES,,
William C Reavis Math & Science Specialty ES,,
William C. Goudy Technology Academy,,
William E B Dubois Elementary School,,
William E Dever Elementary School,,
William F Finkl Elementary School,41.8495571,-87.6869531
William G Hibbard Elementary School,,
William H Brown Elementary School,,
William H Prescott Elementary School,41.929076,-87.6692398
William H Ray Elementary School,41.7922303,-87.5943728
William H Ryder Math & Science Specialty ES,,
William H Seward Communication Arts Academy ES,,
William Howard Taft High School,41.984587,-87.7916778
William J Bogan High School,,
William J Onahan Elementary School,41.9940608,-87.792853
William Jones College Preparatory High School,,
William K New Sullivan Elementary School,41.7440209,-87.5425987
William P Gray Elementary School,41.9491072,-87.7574289
William P Nixon Elementary School,41.9191324,-87.7312732
William Penn Elementary School,,
William T Sherman Elementary School,,
William W Carter Elementary School,,
Wilma Rudolph Elementary Learning Center,,
Wolfgang A Mozart Elementary School,,
Woodlawn Community Elementary School,41.7735165,-87.5940261
World Language Academy High School,,
YCCS- Academy of Scholastic Achievement HS,,
YCCS- Innovations HS of Arts Integration,,
YCCS- McKinley Lakeside Leadership HS,,
"YCCS-ASPIRA,Antonia Pantoja Alternative HS",,
YCCS-Association House HS,41.8003514,-87.7271397
YCCS-Austin Career Education Center HS,41.895179,-87.760334
YCCS-CCA Academy HS,,
YCCS-Chatham AcademyHS,,
YCCS-Community Youth Development Institute HS,,
YCCS-Dr. Pedro Albizu Campos Puerto Rican HS,,
YCCS-Jane Addams Alternative HS,,
YCCS-Latino Youth Alternative HS,,
YCCS-Olive Harvey Middle College HS,,
YCCS-Progressive Leadership Academy,,
YCCS-Sullivan House Alternative HS,,
YCCS-Truman Middle College HS,,
YCCS-West HS,41.901997,-87.7495031
YCCS-West Town Acad Alternative HS,,
YCCS-Youth Connection Leadership Acad HS,,
YCCS-Youth Connection Leadership Acad HS,,
,,
,,
,,
,,
,,
,,
,,
,,
,,
,,
,,
,,
,,
,,
,,
,,
,,
,,
,,
,,
,,
,,
,,
,,
,,
,,
,,
,,
,,
,,
,,
,,
,,
,,
,,
,,
,,
,,
,,
,,
,,
,,
,,
,,
,,
,,
,,
,,
,,
,,
,,
,,
,,
,,
,,
,,
,,
,,
,,
,,
,,
,,
,,
,,
,,
,,
,,
,,
,,
,,
,,
,,
,,
,,
,,
,,
,,
,,
,,
,,
,,
,,
,,
,,
,,
,,
,,
,,
,,
,,
,,
,,
,,
,,
,,
,,
,,
,,
,,
,,
,,
,,
,,
,,
,,
,,
,,
,,
,,
,,
,,
,,
,,
,,
,,
,,
,,
,,
,,
,,
,,
,,
,,
,,
,,
,,
,,
,,
,,
,,
,,
,,
,,
,,
,,
,,
,,
,,
,,
,,
,,
,,
,,
,,
,,
,,
,,
,,
,,
,,
,,
,,
,,
,,
,,
,,
,,
,,
,,
,,
,,
,,
,,
,,
,,
,,
,,
,,
,,
,,
,,
,,
,,
,,
,,
,,
,,
,,
,,
,,
,,
,,
,,
,,
,,
,,
,,
,,
,,
,,
,,
,,
,,
,,
,,
,,
,,
,,
,,
,,
,,
,,
,,
,,
,,
,,
,,
,,
,,
,,
,,
,,
,,
,,
,,
,,
,,
,,
,,
,,
,,
,,
,,
,,
,,
,,
,,
,,
,,
,,
,,
,,
,,
,,
,,
,,
,,
,,
,,
,,
,,
,,
,,
,,
,,
,,
,,
,,
,,
,,
,,
,,
,,
,,
,,
,,
,,
,,
,,
,,
,,
,,
,,
,,
,,
,,
,,
,,
,,
,,
,,
,,
,,
,,
,,
,,
,,
,,
,,
,,
,,
,,
,,
,,
,,
,,
,,
,,
,,
,,
,,
,,
,,
,,
,,
,,
,,
,,
,,
,,
,,
,,
,,
,,
,,
,,
,,
,,
,,
,,
,,
,,
,,
,,
,,
,,
,,
,,
,,
,,
,,
,,
,,
,,
,,
,,
,,
,,
,,
,,
,,
,,
,,
,,
,,
,,
,,
,,
,,
,,
,,
,,
,,
,,
,,
,,
,,
,,
,,
,,
,,
,,
,,
,,
,,
,,
,,
,,
